{"cameraMode":{"drawMode":0,"name":"Shaded","section":"Shading Mode"},"sceneLighting":true,"audioPlay":false,"sceneViewState":{"m_AlwaysRefresh":false,"showFog":true,"showSkybox":true,"showFlares":true,"showImageEffects":true,"showParticleSystems":true,"showVisualEffectGraphs":true,"m_FxEnabled":false},"in2DMode":false,"pivot":{"x":0.1900530457496643,"y":0.1252591609954834,"z":-0.06998717784881592},"rotation":{"x":0.031025271862745286,"y":0.9370117783546448,"z":-0.3370646834373474,"w":0.08626305311918259},"size":12.058234214782715,"orthographic":false}