{"cameraMode":{"drawMode":0,"name":"Shaded","section":"Shading Mode"},"sceneLighting":true,"audioPlay":false,"sceneViewState":{"m_AlwaysRefresh":false,"showFog":true,"showSkybox":true,"showFlares":true,"showImageEffects":true,"showParticleSystems":true,"showVisualEffectGraphs":true,"m_FxEnabled":false},"in2DMode":false,"pivot":{"x":177.17515563964845,"y":577.0962524414063,"z":38.40509033203125},"rotation":{"x":-0.022605817764997484,"y":-0.1324768364429474,"z":0.00303110433742404,"w":-0.9909281730651856},"size":101.43186950683594,"orthographic":false}