{"cameraMode":{"drawMode":0,"name":"Shaded","section":"Shading Mode"},"sceneLighting":true,"audioPlay":false,"sceneViewState":{"m_AlwaysRefresh":false,"showFog":true,"showSkybox":true,"showFlares":true,"showImageEffects":true,"showParticleSystems":true,"showVisualEffectGraphs":true,"m_FxEnabled":false},"in2DMode":false,"pivot":{"x":13.913993835449219,"y":-12.05914306640625,"z":12.882820129394532},"rotation":{"x":-0.07833221554756165,"y":0.26354435086250307,"z":-0.021468322724103929,"w":-0.9612284898757935},"size":12.124356269836426,"orthographic":false}