{"cameraMode":{"drawMode":0,"name":"Shaded","section":"Shading Mode"},"sceneLighting":false,"audioPlay":false,"sceneViewState":{"m_AlwaysRefresh":false,"showFog":true,"showSkybox":false,"showFlares":true,"showImageEffects":true,"showParticleSystems":true,"showVisualEffectGraphs":true,"m_FxEnabled":false},"in2DMode":false,"pivot":{"x":1.1812541484832764,"y":1.3387727737426758,"z":0.05061807483434677},"rotation":{"x":-0.016120459884405137,"y":0.8285370469093323,"z":-0.023873085156083108,"w":-0.5592005848884583},"size":0.22055839002132417,"orthographic":false}