{"cameraMode":{"drawMode":0,"name":"Shaded","section":"Shading Mode"},"sceneLighting":false,"audioPlay":false,"sceneViewState":{"m_AlwaysRefresh":false,"showFog":true,"showSkybox":false,"showFlares":true,"showImageEffects":true,"showParticleSystems":true,"showVisualEffectGraphs":true,"m_FxEnabled":false},"in2DMode":false,"pivot":{"x":-0.007660508155822754,"y":1.129041075706482,"z":0.07451412081718445},"rotation":{"x":-0.29211440682411196,"y":0.07221531122922898,"z":-0.02211890183389187,"w":-0.9534017443656921},"size":1.1551116704940797,"orthographic":false}