{"cameraMode":{"drawMode":0,"name":"Shaded","section":"Shading Mode"},"sceneLighting":false,"audioPlay":false,"sceneViewState":{"m_AlwaysRefresh":false,"showFog":true,"showSkybox":false,"showFlares":true,"showImageEffects":true,"showParticleSystems":true,"showVisualEffectGraphs":true,"m_FxEnabled":false},"in2DMode":false,"pivot":{"x":-0.03516581654548645,"y":-0.008412376046180725,"z":-0.000020001083612442017},"rotation":{"x":-0.08380687981843949,"y":0.8463830947875977,"z":-0.139896959066391,"w":-0.5069996118545532},"size":0.1654200702905655,"orthographic":false}